1446398178,0.700627309949963
1446399016,0.700525936498741
1446400954,0.700497201915548
1446402643,0.700537359340516
1446403741,0.700612908910657
1446404967,0.700699693157334
1446405907,0.700777942934427
1446407104,0.700791094326692
1446407635,0.700739184179173
1446409797,0.700699320547089
1446411486,0.70071412863629
1446413377,0.700759513422809
1446415037,0.700819192581989
1446419666,0.700878662421094
1446421834,0.700916881922014
1446422597,0.700949816967068
1446423280,0.7010097487709
1446424258,0.701086317097849
1446425386,0.701188621294077
1446426205,0.701336242135714
1446427027,0.701527820852396
1446427904,0.701764271573002
1446428762,0.701983187161285
1446429472,0.702055249701471
1446429869,0.701916141907552
1446430302,0.70161968569047
1446430819,0.701279838069191
1446431235,0.701056223012055
1446431856,0.701043067183285
1446432420,0.701060492086746
1446432938,0.700929289243527
1446433270,0.700759280541463
1446433662,0.700646968455187
1446434092,0.700436437682008
1446434640,0.699894300364072
1446435112,0.699057749555589
1446435490,0.6983634487017
1446435815,0.698025089098042
1446436196,0.697903009829022
1446436720,0.697798967334636
1446437091,0.697682074171455
1446437601,0.697651157224726
1446438058,0.697707346777681
1446438537,0.697817461861872
1446439066,0.69799218480412
1446439714,0.698213634738956
1446440243,0.698402963774467
1446440598,0.698470215273631
1446441171,0.69839344268461
1446441600,0.69827418870132
1446442664,0.698218524727396
1446443994,0.698279810116871
1446444972,0.6984752398542
1446445636,0.698782421642275
1446446401,0.699130059810018
1446447059,0.699460401638056
1446447527,0.699704802307345
1446447999,0.699830537948862
1446448631,0.699891197557236
1446449170,0.699961661358744
1446449872,0.700140773450297
1446450439,0.700422150105582
1446450822,0.700634397050643
1446451296,0.700694428706589
1446451821,0.700758842551557
1446452265,0.700953636366497
1446452742,0.701164962219858
1446453290,0.70126292318167
1446453932,0.701215917649377
1446454357,0.701099436459027
1446454775,0.701036762715317
1446455037,0.701048265620428
1446455322,0.701078066083263
1446455774,0.701093029532412
1446456253,0.701113918230474
1446456716,0.701154854409049
1446457145,0.70124230118708
1446457569,0.701476246836474
1446458053,0.701949338574741
1446458303,0.702360998679117
1446458588,0.702374010426711
1446458962,0.702202720367927
1446459325,0.702105463165161
1446459775,0.702011064740537
1446460190,0.701882478441744
1446460797,0.70184823066825
1446461446,0.701892689609072
1446461982,0.701911511250332
1446462536,0.701876853947675
1446463184,0.701855375807286
1446464010,0.701904462400657
1446465008,0.702030793801647
1446466045,0.702226566566227
1446467240,0.702361951011486
1446468553,0.702338257515976
1446469671,0.702257096259038
1446470946,0.702195094438393
1446472701,0.702105988793375
1446473494,0.702006715467054
1446474918,0.701977822666379
1446476340,0.702017185882738
1446478183,0.702049745607951
1446480045,0.70208106479579
1446482272,0.702123670736486
1446483751,0.702164855510169
1446486781,0.702219238589108
1446489351,0.702265339030888
1446491388,0.70228733767045
1446493812,0.702331172948411
1446497584,0.702399945855462
1446500000,0.702445402261428
1446501516,0.702499133001843
1446503490,0.70260703280977
1446506809,0.702721692583818
1446509818,0.702816158892761
1446512032,0.702875117899641
1446513037,0.702825367507318
1446514202,0.702706506903503
1446515504,0.702668292891654
1446516210,0.702755022428195
1446516838,0.702807891418209
1446517206,0.702716028865491
1446517645,0.702537367435143
1446518263,0.70226380958245
1446518651,0.701862144711044
1446519012,0.701484531555131
1446519352,0.701309548939522
1446519831,0.701291036778806
1446520381,0.70124488956949
1446520744,0.701122220862209
1446521119,0.70107232432642
1446521557,0.701180255266292
1446522043,0.701320951281569
1446522667,0.701318022971362
1446523223,0.701218454680305
1446523705,0.701171137738117
1446524309,0.701151454297521
1446524722,0.701114960612978
1446525301,0.701106052188145
1446525800,0.701120585989838
1446526433,0.701101250298984
1446526919,0.701049113361045
1446527637,0.70107600871263
1446528294,0.701242438577143
1446528880,0.701430873173074
1446529403,0.701508208600264
1446529795,0.701491358875961
1446530200,0.701456568684016
1446530621,0.701472280646723
1446531153,0.701599768963809
1446531753,0.701760441841564
1446532409,0.701847286006057
1446533105,0.701877172204028
1446533784,0.701877060506927
1446534442,0.701823447262728
1446535010,0.701712424851121
1446535410,0.701586385025892
1446535816,0.7014697449769
1446536223,0.701406215546691
1446536623,0.701394902269103
1446537062,0.701382335366676
1446537449,0.701317955013744
1446537827,0.70120557740473
1446538284,0.70115959606602
1446538743,0.701211584885512
1446539250,0.701250534124971
1446539688,0.701153121492138
1446540027,0.700935867864835
1446540399,0.70070330535499
1446540712,0.700472138740023
1446540972,0.700242020950281
1446541242,0.700045930028977
1446541562,0.699929758497345
1446541871,0.699882920485088
1446542164,0.699721323919334
1446542475,0.699423883599718
1446542805,0.699233645544858
1446543165,0.699182908108441
1446543636,0.699169158935797
1446544095,0.699132130085076
1446544569,0.699026899118342
1446544884,0.698865539272471
1446545204,0.698655200207903
1446545616,0.698467040687021
1446545981,0.698430603530487
1446546474,0.698502075836245
1446546992,0.698498337068086
1446547502,0.698356204386692
1446547912,0.69824108307195
1446548465,0.69822334483598
1446549169,0.69820975497762
1446549931,0.69822854294722
1446550366,0.698323852944909
1446550844,0.69842827860935
1446551583,0.698525660340392
1446552125,0.698660090985768
1446552774,0.698803491916583
1446553510,0.698775871567291
1446553974,0.698518803948871
1446554296,0.698246243879433
1446554859,0.698148960309927
1446555743,0.698206711157299
1446556740,0.69834266319969
1446557449,0.698505441755674
1446558463,0.698641439259384
1446559165,0.698744602698709
1446559862,0.698827858000502
1446561085,0.698898260230415
1446561983,0.6989440890642
1446563048,0.698956450520886
1446565009,0.698970407841822
1446565872,0.699032560229795
1446566262,0.699135763501993
1446567032,0.699243690672523
1446568608,0.6993228361367
1446568945,0.69938021856257
1446569376,0.699469596025243
1446570039,0.699588346772127
1446570425,0.699667457651104
1446571085,0.699695171493857
1446574106,0.699699951998077
1446576291,0.69962699943804
1446577289,0.699427101791993
1446578128,0.699192714477898
1446578989,0.699034128882803
1446580404,0.698946328733271
1446581323,0.698861454665498
1446582447,0.698751456214629
1446583654,0.698682847482136
1446584380,0.698748203915485
1446586024,0.698888293308175
1446588471,0.698931539954319
1446590467,0.698880005012722
1446592465,0.698855455540939
1446593880,0.698851007633995
1446595407,0.698790872063193
1446596906,0.698687005611204
1446598145,0.698524941153647
1446599004,0.698267636220787
1446599494,0.698023732264751
1446599964,0.697900460501671
1446600623,0.697875262808832
1446601217,0.697880618742578
1446601693,0.697852343218854
1446602447,0.697759623428028
1446602947,0.69760869026199
1446603307,0.697473540258322
1446603713,0.697402988555518
1446604280,0.697406484952206
1446604837,0.697458791879797
1446605191,0.697512503263709
1446605603,0.697568767694955
1446605977,0.697603116933599
1446606375,0.69758033219361
1446606898,0.697561274086344
1446607337,0.69759012441213
1446607753,0.697587025635925
1446608058,0.697517053965143
1446608393,0.697401633098796
1446608759,0.697286950821927
1446609272,0.697264954051667
1446609781,0.697352982661587
1446610179,0.697428487647096
1446610688,0.697410134726263
1446611106,0.697403484252084
1446611515,0.697553654969922
1446612000,0.697797553024362
1446612602,0.697976698717022
1446613328,0.698073023747631
1446613975,0.698097801542076
1446614572,0.698053506593535
1446615066,0.698040363293157
1446615860,0.698116912664481
1446616778,0.698276279244294
1446617243,0.698474282443903
1446617822,0.698599629720574
1446618528,0.698634213885475
1446619159,0.698644343129796
1446619845,0.698670075579526
1446620436,0.698709904512938
1446620832,0.69872498462511
1446621268,0.698632925787851
1446621511,0.698414650630907
1446621751,0.698167565891102
1446622122,0.69797121900738
1446622399,0.697856606396582
1446622816,0.697847167071177
1446623254,0.697875447811093
1446623608,0.697885009407511
1446623994,0.697927350166715
1446624401,0.697984079655593
1446624832,0.697905444840285
1446625303,0.697619832027635
1446625513,0.697252285973511
1446625757,0.696970341501929
1446626034,0.696823825233904
1446626290,0.696855813606077
1446626553,0.697083173566538
1446626830,0.697421418389723
1446627063,0.697725719343293
1446627317,0.697828395093334
1446627606,0.697691430588117
1446627811,0.697439560994397
1446628036,0.697267297930519
1446628338,0.697186349002615
1446628579,0.697068884373214
1446628835,0.696915439687477
1446629165,0.696753346345827
1446629429,0.696582625751619
1446629678,0.696468989699928
1446629975,0.696410341352048
1446630192,0.69631949887448
1446630440,0.696194281846667
1446630666,0.696130335600665
1446630892,0.696191478570819
1446631115,0.696369764615169
1446631338,0.696598017930905
1446631600,0.696703679853389
1446631869,0.696681120437383
1446632155,0.696675925803215
1446632468,0.696671190167996
1446632760,0.69665146565273
1446633045,0.696664455626228
1446633374,0.696690164092697
1446633767,0.69669041181018
1446634197,0.696665298548806
1446634588,0.696639221208379
1446634982,0.696579632369482
1446635355,0.696489723384134
1446635831,0.696433540826439
1446636227,0.696387427526333
1446636812,0.696335602156602
1446637262,0.696292519584849
1446637871,0.69629163484077
1446638415,0.696358232357134
1446638968,0.69643327122074
1446639583,0.69649146283522
1446640305,0.696588351440651
1446641063,0.696723682129239
1446641691,0.696811496491786
1446642377,0.696855310044294
1446643263,0.696910032467602
1446644537,0.696946240933776
1446645372,0.696961735556756
1446646271,0.697012204680256
1446647107,0.697073985012751
1446648226,0.697117463775521
1446649077,0.697166426530634
1446650482,0.697208435919076
1446652325,0.697147069265072
1446653665,0.696961487370872
1446656423,0.696799890417839
1446658512,0.696723342655184
1446660390,0.69671042617689
1446661538,0.696748521496145
1446662963,0.696810317835186
1446663776,0.69689917814138
1446664937,0.697009926060279
1446666173,0.697094392976648
1446667655,0.697160129483792
1446668743,0.697248611882645
1446670652,0.697361312722585
1446672673,0.697470610688134
1446674414,0.697549150306358
1446677046,0.697585953114337
1446680175,0.697570788857019
1446682068,0.697445826092486
1446683466,0.697203766466783
1446684446,0.696962605168942
1446685298,0.696784025462993
1446685918,0.696672009233441
1446686461,0.696579203056437
1446687002,0.696458762686226
1446687465,0.696359694243357
1446688119,0.696294654613789
1446688724,0.696356166962526
1446689034,0.696649075762592
1446689468,0.697085645062725
1446689814,0.697521179006691
1446690095,0.697840671775294
1446690370,0.697976740931853
1446690713,0.698027230624833
1446691204,0.698161841335414
1446691606,0.698460500512056
1446691905,0.698785072648018
1446692273,0.698905882429465
1446692630,0.698802119418154
1446693051,0.6985913725155
1446693596,0.698375982028291
1446694033,0.698198253496977
1446694417,0.698106501421579
1446694864,0.698151769554786
1446695377,0.69827553539846
1446695954,0.698273324390911
1446696344,0.698092512463542
1446696791,0.697855135314836
1446697203,0.697710089026075
1446697679,0.697716723459734
1446698202,0.697806941577357
1446698671,0.697980076932494
1446699130,0.698255503393977
1446699729,0.698499872945103
1446700354,0.69864179677567
1446700920,0.698760187308475
1446701579,0.698925410105713
1446702188,0.699221938838251
1446702659,0.699875834481783
1446703223,0.701075630085145
1446703438,0.702383381416238
1446703678,0.70332945384706
1446703935,0.704053551146288
1446704182,0.704643696514801
1446704412,0.704936276852611
1446704683,0.704776654701709
1446705011,0.704340753201598
1446705430,0.704040146780256
1446705816,0.704023550010529
1446706230,0.704165518728196
1446706585,0.704457611937298
1446706929,0.704916002459315
1446707227,0.705365615509965
1446707522,0.705655124236989
1446707872,0.705908107874086
1446708134,0.706231445736677
1446708466,0.70648089180028
1446708752,0.706515929731885
1446709032,0.706458569747438
1446709341,0.706610112137729
1446709603,0.706975197623371
1446709908,0.707298396813737
1446710210,0.707491506685932
1446710514,0.707665308760294
1446710859,0.707908866307927
1446711161,0.708070092897038
1446711494,0.708092853401183
1446711900,0.708074565515129
1446712252,0.708034523936242
1446712537,0.707977015170196
1446712872,0.707903074422979
1446713134,0.707756031483088
1446713402,0.707540551386305
1446713691,0.707303480740498
1446714023,0.707106360466928
1446714296,0.70696951659649
1446714606,0.706783628018838
1446714932,0.706581836440509
1446715241,0.706470893384942
1446715533,0.706430307105459
1446715831,0.70640316381981
1446716111,0.706251018991838
1446716469,0.705936058434783
1446716796,0.705624425066953
1446717112,0.705424788444999
1446717471,0.705306883917336
1446717705,0.705304870843304
1446717971,0.705422405450106
1446718273,0.705520589304971
1446718621,0.705538541473903
1446718969,0.705593707475047
1446719375,0.705750300313455
1446719758,0.705964060241298
1446720193,0.706169780992225
1446720679,0.706249125289847
1446721222,0.706201792018252
1446721817,0.706137388389956
1446722446,0.706076794618525
1446723002,0.706039310062812
1446723512,0.706081381710206
1446724241,0.706220144517936
1446724907,0.706439372276215
1446726088,0.706655018544116
1446726750,0.706772584697526
1446727827,0.706831361678077
1446728964,0.706982643420067
1446729897,0.707257602730695
1446730552,0.707527648209922
1446731802,0.70770883467565
1446732542,0.707778659707171
1446733316,0.707690324039148
1446734153,0.707534655030475
1446735171,0.707484279077424
1446736561,0.707527706191595
1446738721,0.707578002340293
1446741321,0.707597141239088
1446743688,0.707561203067732
1446747111,0.707509119038629
1446748593,0.707518748785033
1446749919,0.707595275746383
1446751994,0.707664444343694
1446753986,0.707698854239257
1446755897,0.707748175425776
1446757862,0.707813647789568
1446759500,0.707879003508126
1446762207,0.707958188782374
1446764544,0.70807697856223
1446765733,0.708201349210069
1446767970,0.708239845600922
1446769547,0.708147287551732
1446770463,0.707970042434854
1446771327,0.707814909412639
1446771903,0.707730746476864
1446772542,0.707678647459478
1446773340,0.707646190735147
1446774203,0.707692993143211
1446775257,0.707884842504061
1446775656,0.708167921172775
1446776060,0.708438608876089
1446776486,0.708635570283597
1446776919,0.708745163737621
1446777455,0.708844758663978
1446777925,0.708983359194431
1446778383,0.709105432064784
1446778924,0.709147546923265
1446779432,0.709134816498391
1446780004,0.709055306403931
1446780560,0.708883149300957
1446781023,0.708737020449762
1446781564,0.708704955172457
1446782149,0.708744788395227
1446782691,0.708801169058672
1446783240,0.708833732575772
1446784036,0.708901456484227
1446784710,0.70901193542061
1446785285,0.709100274447678
1446785998,0.709228555568021
1446786653,0.709456318504029
1446787348,0.709692887024927
1446788331,0.709830382496841
1446789088,0.709833136505617
1446789666,0.709821825876075
1446790185,0.709953602374741
1446790946,0.710099323248823
1446791594,0.710089033655924
1446792409,0.709966404137896
1446792875,0.709792801439171
1446793318,0.709596766471849
1446793742,0.709328088886787
1446794117,0.708899380205502
1446794443,0.708277498110472
1446794794,0.707146378377074
1446795054,0.705537360709404
1446795267,0.704571312485856
1446795481,0.704536923743505
1446795694,0.704655521300579
1446795907,0.70461882868164
1446796129,0.704553558161254
1446796364,0.704539306897777
1446796610,0.704512465845283
1446796857,0.704336939505841
1446797107,0.70395604908663
1446797352,0.703514342951259
1446797591,0.70322779629162
1446797820,0.703191476815133
1446798054,0.703386143447354
1446798325,0.703607554781773
1446798568,0.703623920609094
1446798845,0.703490463063271
1446799083,0.703330961126033
1446799344,0.703191579942359
1446799607,0.703204739309642
1446799898,0.703401435649155
1446800177,0.703640140199431
1446800412,0.703808687588713
1446800652,0.703892351106525
1446800898,0.70398142225011
1446801163,0.704092301802262
1446801435,0.704149148739823
1446801684,0.704158342869908
1446801967,0.704116164641936
1446802303,0.704083477776906
1446802576,0.704210975001139
1446802849,0.704424550870537
1446803103,0.704524104414075
1446803500,0.704496209602329
1446803832,0.70444480544178
1446804133,0.704448110034901
1446804461,0.704455376488027
1446804826,0.704444378827341
1446805222,0.704529326349243
1446805631,0.704731882891681
1446806020,0.704939141404388
1446806425,0.704991802422157
1446806967,0.704854998832724
1446807415,0.704694353235004
1446807928,0.704640652221172
1446808333,0.704665695376459
1446808795,0.704732085431793
1446809427,0.704838816982
1446809980,0.704950932658749
1446810483,0.705016432401261
1446811059,0.705047015882201
1446811628,0.70504696998157
1446812151,0.705080501566859
1446813061,0.705228583931714
1446814084,0.705430922385172
1446814675,0.70553680156287
1446815344,0.705553167466503
1446816357,0.705598824237921
1446817324,0.705626926124414
1446818344,0.705524486762326
1446819108,0.705297401424977
1446820110,0.70505424722174
1446821072,0.704909930070299
1446821972,0.704827451987568
1446823688,0.704668811593702
1446825576,0.704388195346118
1447002073,0.704050886320064
1447002720,0.703842687375389
1447003808,0.70384342861187
1447005595,0.703948921714073
1447006221,0.704018449966829
1447007380,0.703966502078431
1447008658,0.703813356505919
1447009707,0.703689168981859
1447011195,0.703702017924368
1447012074,0.703765672571385
1447013008,0.703766007982762
1447014077,0.703750389907439
1447015388,0.70380785129696
1447016245,0.703912658513412
1447016919,0.703981605477659
1447018396,0.703997670224884
1447020245,0.704024243347657
1447022520,0.704075954727427
1447023698,0.704118130442056
1447025415,0.704127416546869
1447026961,0.704125063935766
1447028208,0.704130246703537
1447030030,0.704139513048015
1447030985,0.704179744200656
1447031537,0.704213974698274
1447031972,0.704230706618191
1447032545,0.704285481423016
1447033141,0.704341753006491
1447033799,0.704374655445263
1447034260,0.704347527466507
1447034614,0.704266678590362
1447035013,0.704248455772284
1447035510,0.704302422694854
1447036045,0.704318335723955
1447036589,0.704263238995678
1447036911,0.704181254803219
1447037527,0.704103622769443
1447037960,0.704070641466512
1447038307,0.704100974904204
1447038831,0.704226279080861
1447039258,0.704433213457879
1447039705,0.70460125888732
1447040182,0.704664481483772
1447040665,0.704655269932328
1447041363,0.704618563689127
1447041947,0.704570432355139
1447042701,0.70454498308639
1447043282,0.704555983265265
1447043664,0.704565710298378
1447044025,0.704540479391203
1447044435,0.704472105998561
1447044981,0.704400766602799
1447045377,0.704326878738705
1447045775,0.70424135007323
1447046449,0.704211973525444
1447046969,0.704322710372925
1447047343,0.704444314228999
1447047947,0.704366524830304
1447048583,0.704188788423178
1447049175,0.704117357278182
1447049680,0.704154536925897
1447050241,0.704234648144985
1447050989,0.704290208855275
1447051326,0.7042892088466
1447051860,0.7042360687879
1447052449,0.704185469168206
1447052954,0.704237778251264
1447053413,0.704362070579049
1447053795,0.704343439156782
1447054101,0.704078418674187
1447054415,0.703648077074392
1447054695,0.703153347085423
1447054936,0.702784377840471
1447055200,0.702694528158505
1447055539,0.702777473533963
1447055946,0.70284861953948
1447056349,0.702833929043933
1447056731,0.702672189497814
1447057172,0.702364430669624
1447057509,0.702048685940149
1447057814,0.701923052449613
1447058104,0.701984190448404
1447058411,0.702004138130152
1447058685,0.701940231404585
1447058982,0.7018921875317
1447059270,0.701865280140466
1447059606,0.701822990033518
1447059860,0.701769748750583
1447060142,0.701785962139079
1447060403,0.701897560777275
1447060734,0.702061728003748
1447061027,0.702253997587943
1447061275,0.702415768127192
1447061607,0.702525291438244
1447062019,0.702579168939472
1447062389,0.702508187127341
1447062771,0.702277840387759
1447063101,0.701954777082983
1447063352,0.701699757939076
1447063614,0.701639598711232
1447063950,0.701810732882834
1447064321,0.702164117978794
1447064627,0.702503060568065
1447064893,0.702627781533525
1447065163,0.70255096954958
1447065510,0.702411784718693
1447065922,0.702284813950732
1447066305,0.702177718799437
1447066663,0.702108182410118
1447067065,0.702086451083427
1447067533,0.702086450528338
1447068191,0.702059268959253
1447069234,0.702006517934527
1447070120,0.701947633345528
1447070962,0.7018257846359
1447071868,0.701617707473596
1447072700,0.70148609405496
1447073577,0.70149078108569
1447074548,0.70151962970359
1447075361,0.701553258520991
1447076443,0.701588109020587
1447077325,0.701573309158116
1447078428,0.701479050393765
1447079228,0.701346871038154
1447080686,0.701252516447774
1447081896,0.701196329970991
1447084472,0.701168744996683
1447087522,0.701203346834685
1447089144,0.701263536547749
1447091049,0.70125606267081
1447092948,0.701160699455278
1447094296,0.701048220245839
1447095542,0.70097741780339
1447097143,0.700957010044558
1447098074,0.700944209998876
1447099016,0.70087983394444
1447100722,0.700769940247948
1447102638,0.700681162040156
1447105593,0.700644895878595
1447108452,0.700632476048664
1447110077,0.700641894134327
1447111532,0.700731292221043
1447113476,0.700901301154227
1447114678,0.701052745757159
1447115771,0.7011427235228
1447116889,0.701263492976512
1447117664,0.701495174903564
1447118446,0.70183275391004
1447119266,0.702197641944968
1447120084,0.702484137822707
1447120615,0.702644427243559
1447121152,0.702687505304225
1447121499,0.702665699904891
1447121831,0.702667583097437
1447122206,0.702629073203666
1447122588,0.702450512508171
1447122960,0.70223734663511
1447123359,0.702078245245201
1447123752,0.701949887001819
1447124236,0.70180037954707
1447124699,0.701617481558018
1447125258,0.701459678855265
1447125646,0.701317655501373
1447126085,0.701217142637978
1447126520,0.701239834435884
1447126870,0.70132398518948
1447127208,0.701308620438581
1447127701,0.701195954782167
1447128295,0.701148066986414
1447128903,0.701220325554323
1447129679,0.701250217722613
1447130489,0.701155681745168
1447131167,0.7010116847255
1447131758,0.700875512795231
1447132338,0.700725698903576
1447132980,0.700520073702289
1447133470,0.700244526619692
1447133821,0.700003162179443
1447134320,0.699854665381145
1447135047,0.699752901552451
1447135629,0.699683604415601
1447136368,0.69963827216615
1447136914,0.699654903204739
1447137476,0.699678970395335
1447137955,0.699509611930723
1447138273,0.699165983306703
1447138509,0.698946403167707
1447138740,0.698982719422072
1447139012,0.699119132534359
1447139362,0.699214816115696
1447139741,0.699214945183367
1447140138,0.699079683969773
1447140383,0.698859278192976
1447140658,0.69867308830981
1447140937,0.698579407935968
1447141253,0.698583517814986
1447141593,0.698651042452785
1447141932,0.69868719717314
1447142262,0.698740670774727
1447142600,0.698832039320467
1447143019,0.698826442195655
1447143415,0.698706672809381
1447143762,0.698590931155556
1447144167,0.698479353498646
1447144420,0.698346570202704
1447144660,0.698257179493517
1447144915,0.698214953563568
1447145173,0.698151153575792
1447145426,0.698085272091565
1447145736,0.698077546153838
1447146114,0.698104162867786
1447146418,0.698143646994915
1447146706,0.698213163188272
1447146987,0.698303855861072
1447147328,0.69841019858639
1447147656,0.698529527803181
1447147995,0.69858191107157
1447148475,0.698576464056215
1447148898,0.698593087884224
1447149291,0.698658899693934
1447149621,0.698780273871303
1447150042,0.698918033689854
1447150404,0.698971660996496
1447150756,0.698900734856998
1447151150,0.698778061141416
1447151533,0.69869073766145
1447152086,0.698621957831414
1447152559,0.698543945557755
1447153295,0.698515507893341
1447153924,0.698569263489642
1447154616,0.698689759850416
1447155313,0.69887433648036
1447156261,0.699067327503855
1447156766,0.699209956232521
1447157253,0.699361557087069
1447157806,0.699599979594807
1447158198,0.699842534831741
1447158568,0.699955925744656
1447159292,0.699962632527062
1447159914,0.699932343405975
1447160540,0.699855860467059
1447161371,0.699752291243285
1447162586,0.699645044305372
1447163586,0.699573271322268
1447164322,0.699572131127766
1447165449,0.699587303087502
1447166625,0.699597244758074
1447167717,0.699662825172681
1447169275,0.699763959246435
1447170131,0.699793967718969
1447171166,0.699741236401438
1447173356,0.699682639467639
1447174688,0.699712823931669
1447175840,0.699893770249177
1447177255,0.700123459228137
1447178411,0.700262454195148
1447179404,0.700360574068073
1447180244,0.700457507185026
1447181696,0.700514853018332
1447182454,0.700530521714977
1447183171,0.700507976378269
1447184161,0.700423296355354
1447184691,0.700368138987963
1447185600,0.70049561750017
1447186315,0.700713020525937
1447187131,0.700899822450043
1447187648,0.701055826077073
1447188486,0.701206499389958
1447189525,0.701383675180785
1447190871,0.701576521646791
1447191558,0.701753898876139
1447192365,0.701906875841604
1447192915,0.70198431516063
1447193730,0.7019848470996
1447195316,0.701960139440928
1447197342,0.701915801057464
1447198801,0.70189499770603
1447199583,0.701907845031295
1447200689,0.701850295948967
1447201745,0.701721421708632
1447203002,0.701620934814239
1447203726,0.701547305859169
1447204214,0.701414205535541
1447204876,0.701210065354182
1447205453,0.701027886844971
1447206251,0.700910344038395
1447206955,0.700854952693154
1447207522,0.700831368307693
1447207979,0.700898345160437
1447208399,0.701133144544982
1447208805,0.701373419049129
1447209261,0.701408468791864
1447209756,0.701294618350091
1447210273,0.70120996084772
1447210950,0.701228137882031
1447211605,0.701343417348104
1447212199,0.701514495620081
1447212646,0.701759616131891
1447213002,0.70206015170006
1447213371,0.702245429419811
1447213863,0.702225967327107
1447214618,0.702060417528311
1447215300,0.701825573842951
1447215697,0.701578288233053
1447216278,0.701321339297476
1447217077,0.701062150407049
1447217725,0.700822277455759
1447218306,0.700534307604387
1447218782,0.700214342464298
1447219255,0.699968492931495
1447219747,0.699846270572202
1447220270,0.699832453043403
1447221127,0.69984623676807
1447221625,0.699793185780367
1447222183,0.699666874832982
1447222918,0.699596424698285
1447224033,0.699658956451278
1447224699,0.699683363131114
1447225399,0.699590531255423
1447225802,0.699593572270021
1447226181,0.699827584193089
1447226557,0.700162210791768
1447227150,0.700418362989374
1447227615,0.700529399331873
1447228334,0.700540482205465
1447228806,0.70053106410069
1447229183,0.7005124850744
1447229676,0.700529417629839
1447230156,0.700673599240178
1447230481,0.700859763238117
1447230745,0.700913263946822
1447231083,0.700827281959505
1447231435,0.700783169736369
1447231826,0.700881366946226
1447232211,0.701027703158002
1447232532,0.701082868716051
1447232913,0.700997819930222
1447233262,0.700810361050019
1447233686,0.700583317283138
1447234161,0.700391879875217
1447234599,0.700222990751817
1447235081,0.699960230312634
1447235363,0.699692100925706
1447235611,0.699610812259042
1447235916,0.699657887886429
1447236279,0.699715287168521
1447236665,0.69973897969404
1447237041,0.699734126752803
1447237471,0.699739157247437
1447237772,0.69972786462703
1447238178,0.699664913525512
1447238975,0.699565123911311
1447239711,0.699442455488181
1447240967,0.699299033986653
1447241848,0.699163289637397
1447242830,0.699117846094739
1447243802,0.699196107271143
1447245010,0.699313282706079
1447246601,0.699374317643673
1447247819,0.699409329369148
1447248781,0.699478983607435
1447250453,0.699565639047282
1447252054,0.699625800948223
1447253563,0.69964462489817
1447255792,0.699681155193195
1447257216,0.699792955609477
1447258516,0.699982892904857
1447260239,0.700209485493306
1447261253,0.700399764094688
1447261927,0.700483458851798
1447262577,0.700475252906162
1447263621,0.700441113696428
1447265001,0.700411591641019
1447265838,0.700371360957604
1447266731,0.700334124319796
1447267185,0.700334025598369
1447267840,0.700364545102031
1447268501,0.700420366526977
1447269056,0.700519701224948
1447269769,0.700623459109063
1447270320,0.700645198518994
1447271068,0.700597614226263
1447271633,0.700572711458534
1447272417,0.700588987863017
1447273345,0.700610698739101
1447274364,0.700580704865211
1447275222,0.700504746543635
1447276308,0.700424780204156
1447278135,0.70033498737185
1447279225,0.700219857942177
1447280550,0.700051788320211
1447282266,0.699827728248905
1447283690,0.699629134313898
1447284936,0.699529637807783
1447286121,0.699509627671008
1447287396,0.699543115538955
1447288716,0.699588049453206
1447290026,0.699544102506062
1447290514,0.699417441733881
1447291253,0.699291852576661
1447291801,0.699225267484543
1447292617,0.699191048429388
1447293389,0.699144343045044
1447293865,0.699222217763186
1447294165,0.699502258655434
1447294524,0.699752919531229
1447295002,0.699668986727389
1447295525,0.699118441154274
1447295729,0.698413635331918
1447295971,0.697875347217512
1447296248,0.697422776426613
1447296468,0.697129721464848
1447296734,0.697127784089436
1447297062,0.69728882073198
1447297371,0.697481871333382
1447297764,0.69770017124034
1447298073,0.697993705974625
1447298394,0.698363990777649
1447298672,0.698729917799569
1447299010,0.698926766327169
1447299431,0.698900339423619
1447299856,0.698733276642537
1447300268,0.698533639552867
1447300637,0.69840515873772
1447301020,0.698369894349002
1447301402,0.698401341796032
1447301756,0.698490323858967
1447302125,0.69861526477979
1447302616,0.698785367635463
1447303016,0.698900970106533
1447303351,0.698850480330168
1447303837,0.698751503076937
1447304334,0.698661349433089
1447304981,0.698541168952992
1447305526,0.698461788740081
1447306072,0.698455884146725
1447306580,0.698420278379173
1447307130,0.69833139878484
1447307593,0.69828196122188
1447308146,0.698294906210082
1447308871,0.698327763452883
1447309568,0.698358837058033
1447310056,0.698360276556767
1447310577,0.698366974103428
1447311196,0.69847724471052
1447311680,0.698681521473073
1447312091,0.698862491153788
1447312496,0.698961693690533
1447312848,0.699024858655553
1447313332,0.699114810389744
1447313670,0.699264336263682
1447314007,0.699348204788554
1447314332,0.699269858314831
1447314771,0.699101483244395
1447315145,0.698935508143787
1447315521,0.698895527562058
1447315837,0.699003755397282
1447316286,0.699186451733711
1447316676,0.699366955861884
1447317032,0.699519854210379
1447317260,0.699686071941603
1447317464,0.699886746685869
1447317677,0.700212094208838
1447317884,0.700569648997725
1447318093,0.700688685076342
1447318323,0.700670186598368
1447318536,0.700753556611603
1447318766,0.700917346638948
1447318977,0.70094814730868
1447319187,0.700757169311847
1447319406,0.700503082518972
1447319641,0.700294816304964
1447319871,0.70014942791759
1447320110,0.700132327128701
1447320359,0.700264666659941
1447320616,0.700438667706386
1447320884,0.700534176807073
1447321152,0.700515188002011
1447321404,0.700388674944333
1447321673,0.700212483495981
1447321941,0.700095275776319
1447322270,0.700108978734164
1447322531,0.70015663879247
1447322815,0.70011441986695
1447323164,0.700050097469017
1447323479,0.700017623163271
1447323776,0.699989880847459
1447324079,0.699985581177672
1447324354,0.700021447691134
1447324704,0.700071986643651
1447325165,0.70011105963426
1447325507,0.700130297806043
1447326074,0.700178576825409
1447326553,0.700343538946718
1447326898,0.700636024056905
1447327215,0.700994292583584
1447327529,0.701258229650802
1447327777,0.701309072601427
1447328101,0.701212283311721
1447328562,0.701069522582862
1447328991,0.700922283672006
1447329344,0.700814005408329
1447329811,0.700737514023784
1447330174,0.700637200732969
1447330634,0.700532724028986
1447331007,0.700444638766214
1447331421,0.700353364671285
1447332019,0.700273395219794
1447332717,0.700225828320579
1447333546,0.700249874533275
1447334441,0.700377966920146
1447335270,0.700518007052255
1447335986,0.700654181993113
1447336661,0.700838167304987
1447337061,0.700929129678204
1447337680,0.700859649267488
1447338242,0.700800066148772
1447339145,0.700940475750639
1447339764,0.701253823158926
1447339982,0.701473692276881
1447340369,0.701563182389807
1447340975,0.701699557171905
1447341740,0.70188726754502
1447342833,0.701999997395039
1447343708,0.702057155728278
1447344681,0.702097410701891
1447346579,0.702091687300275
1447347268,0.702079012604234
1447347849,0.702091711509504
1447348215,0.702079402531002
1447349665,0.702029951181117
1447351281,0.701987506058298
1447352224,0.701991475056606
1447353337,0.702040153304278
1447354116,0.702072575014265
1447354922,0.702043641819727
1447355818,0.701948824829334
1447356561,0.70181395261066
1447357036,0.701731977122647
1447357946,0.701731133872602
1447359048,0.701744365766846
1447360106,0.701769041902394
1447361485,0.70186037410042
1447362398,0.702046275337597
1447363680,0.70228026995114
1447365135,0.702433099722144
1447366882,0.702481228720505
1447369028,0.70250993386701
1447371104,0.702533274246767
1447372390,0.702526074654725
1447373487,0.702503263906692
1447374580,0.702482745710769
1447375534,0.702441179153655
1447376623,0.702374537075441
1447377495,0.702343892804993
1447378277,0.70239048923623
1447378803,0.702477445260812
1447379377,0.702573680105792
1447380025,0.70261404696729
1447380371,0.702550521905378
1447380695,0.7024616855133
1447381125,0.702399927959323
1447381507,0.702374876337878
1447381868,0.702328080904488
1447382226,0.702178414881408
1447382515,0.702082900282807
1447382899,0.702134240166778
1447383313,0.702213147834827
1447383677,0.702303160372272
1447384150,0.702441168857823
1447384607,0.702540298222133
1447385064,0.702490611835885
1447385562,0.702344886581439
1447386036,0.702226127818478
1447386614,0.702172169247244
1447387202,0.702184011613004
1447387591,0.70229434364616
1447388126,0.702519383142255
1447388649,0.702781966189873
1447389215,0.703000394080179
1447389761,0.703116763231785
1447390322,0.703184594197778
1447390768,0.703359499345012
1447391191,0.703706593204698
1447391624,0.704157319007473
1447392006,0.704568366851938
1447392368,0.704878372368516
1447392738,0.705122286047024
1447393139,0.705264431305158
1447393510,0.705265277206697
1447393958,0.705188785535568
1447394450,0.705129467187414
1447394982,0.705064266661111
1447395549,0.704923309882636
1447396142,0.704702343073735
1447396802,0.704452940510152
1447397363,0.704253728834186
1447397908,0.704148376261679
1447398280,0.704098397412539
1447398640,0.70404315630237
1447398984,0.703996622503681
1447399338,0.704010551409285
1447399665,0.704072844632699
1447399905,0.704044408521578
1447400112,0.703711709577317
1447400322,0.70321176390934
1447400568,0.702842811370975
1447400777,0.702628018594276
1447401015,0.702422104882002
1447401279,0.702192612432202
1447401549,0.702032181615429
1447401853,0.701921720278299
1447402187,0.701759775976044
1447402475,0.701611690781715
1447402786,0.701657478116923
1447403171,0.701827853787125
1447403543,0.701945658959865
1447403817,0.702030572639669
1447404104,0.702156017889779
1447404417,0.702269854617473
1447404738,0.702303391569203
1447405016,0.702232079482708
1447405288,0.70219842121338
1447405525,0.70239547763868
1447405771,0.702728532695407
1447406031,0.703058351515478
1447406270,0.703325143803013
1447406538,0.703486376399855
1447406815,0.703556734546902
1447407097,0.703542277053762
1447407361,0.703463415656959
1447407630,0.703374358254358
1447407909,0.70339338526878
1447408200,0.703484655109159
1447408513,0.703432294515796
1447408783,0.70324595805936
1447409072,0.703094530670946
1447409401,0.703001303523531
1447409693,0.702906339026045
1447410016,0.702755075191512
1447410361,0.702552988429682
1447410702,0.702376590972093
1447411118,0.702211812928483
1447411557,0.702040334112049
1447412101,0.701901435592561
1447412553,0.701802800014645
1447413054,0.701677129236338
1447413588,0.701495245124841
1447414147,0.701371705482327
1447414805,0.701396645222701
1447415294,0.701492228388624
1447416042,0.701574518929946
1447416769,0.701620748757562
1447417880,0.701565052357373
1447418667,0.701375412355021
1447419398,0.701148031296817
1447419973,0.700981946372223
1447420750,0.700916815940025
1447421709,0.701011813967107
1447422511,0.701230777153954
1447423167,0.701440974251052
1447423824,0.701596173617086
1447424828,0.701718153192857
1447425697,0.701822215802303
1447426507,0.701919044088155
1447427453,0.702027705232271
1447428946,0.702207751254947
1447429553,0.702494673062829
1447429906,0.702777199699245
1447430374,0.702915763728301
1447604621,0.702943544367604
1447605774,0.702935305280876
1447606618,0.702824270461855
1447606974,0.702546244021057
1447607297,0.702146528994365
1447607706,0.701715684533262
1447608067,0.70139346519454
1447608382,0.701291821467309
1447608761,0.701314133515392
1447609265,0.701345653057994
1447610059,0.701460205645959
1447610586,0.701717814305323
1447610966,0.701975511526082
1447611405,0.702135660476695
1447611942,0.702218719315627
1447612548,0.702292336126841
1447613215,0.702453959386439
1447613891,0.702639556713099
1447614496,0.702755943439123
1447615052,0.702793315416809
1447615952,0.702752444359063
1447616832,0.702687578528495
1447617892,0.702700009588894
1447618889,0.70277035994448
1447620314,0.702815348979868
1447622166,0.702846726944218
1447623843,0.702873661818276
1447625023,0.702819823357309
1447628285,0.702666331914263
1447630586,0.702520031132553
1447632689,0.702466972405222
1447633750,0.702483747620711
1447635070,0.702550951077232
1447635688,0.702694910145227
1447636010,0.702843857727769
1447636519,0.702960889249908
1447636954,0.703124637388819
1447637322,0.703356673106843
1447637726,0.703607450727505
1447638270,0.703848047444785
1447638682,0.704114113276635
1447639179,0.704393043516033
1447639507,0.704568084837136
1447639832,0.704546922477129
1447640217,0.704358592025661
1447640540,0.704180218364855
1447640881,0.704092315477437
1447641312,0.703994032887636
1447641727,0.703827475875589
1447642184,0.703638609853222
1447642693,0.703502405638041
1447643323,0.703371804819807
1447643717,0.703217426752756
1447644178,0.703110738304518
1447644675,0.703109726913572
1447645175,0.703226904341561
1447645726,0.703375103088906
1447646327,0.703436689278992
1447646895,0.703327572267469
1447647406,0.703089674401656
1447647766,0.702928934397218
1447648294,0.702962425493105
1447648831,0.703102283960557
1447649534,0.703217726396148
1447650255,0.703315463217919
1447650970,0.703487740116038
1447651412,0.703617224003992
1447652009,0.703607499249005
1447652696,0.703666343144603
1447653306,0.703835429958188
1447653950,0.703863149898901
1447654670,0.703714041510118
1447655174,0.703597848280992
1447655879,0.703623057682242
1447656456,0.703690470480174
1447657218,0.70367105346567
1447657750,0.703578609698431
1447658105,0.703485827921678
1447658514,0.703457669240725
1447659050,0.703511802810364
1447659397,0.703601925408956
1447659793,0.703642954261073
1447660276,0.703557048413503
1447660678,0.703387203143125
1447661056,0.703228001938915
1447661465,0.703103625028768
1447661922,0.703022418409964
1447662294,0.702998200842135
1447662721,0.702954494370857
1447663052,0.702821622187271
1447663306,0.70267291906244
1447663644,0.702554956977833
1447663996,0.702412058060226
1447664310,0.702273711696194
1447664573,0.702263410907492
1447664907,0.702347944601625
1447665204,0.702366877596416
1447665511,0.70227488008121
1447665928,0.702175986759763
1447666264,0.70214007299298
1447666638,0.702177965889399
1447667036,0.702254033909697
1447667378,0.702309999221851
1447667704,0.702337590250304
1447667993,0.702388043174978
1447668275,0.702437248200664
1447668617,0.702460762714301
1447668949,0.702479078371044
1447669332,0.702455813481586
1447669826,0.702321315643049
1447670188,0.702109647046953
1447670692,0.70193825312776
1447671196,0.701769655826016
1447671788,0.701546014436433
1447672432,0.701323620958695
1447672890,0.701123636612353
1447673263,0.700951139971379
1447673782,0.70080595470246
1447674367,0.7006911947711
1447674945,0.700647504508876
1447675512,0.700635342924588
1447675947,0.700587508266498
1447676411,0.700531922159065
1447677228,0.700522721861579
1447678049,0.700563542829874
1447678789,0.700578562747348
1447679532,0.700524555291854
1447680397,0.700428633398965
1447680993,0.700326154814707
1447681874,0.700255361457092
1447682403,0.700260248538083
1447683238,0.700313633193932
1447684620,0.700367252762533
1447685889,0.700429751962191
1447687558,0.700503112098669
1447689482,0.700556489939911
1447691609,0.700562661008635
1447692479,0.70052183116429
1447693477,0.700454839093913
1447694622,0.70036622455431
1447697197,0.700263577064775
1447698787,0.700181956155023
1447700079,0.700101838043792
1447700786,0.699911471210086
1447701104,0.699659648706281
1447701726,0.699514365091617
1447702571,0.699484992300596
1447703534,0.699488208563969
1447704390,0.699492357163713
1447705790,0.699546564048737
1447707116,0.699659535633026
1447708809,0.69973289667821
1447709969,0.699731755086878
1447711392,0.699730178663101
1447712796,0.699772365783296
1447714790,0.69981117228677
1447716344,0.699870227058443
1447718060,0.700031595991521
1447718799,0.700233967628106
1447719793,0.700403019979023
1447720866,0.70053156882852
1447722001,0.700533158306731
1447722608,0.700370819150033
1447722909,0.700241033049056
1447723291,0.700319915270272
1447723783,0.700471382369445
1447724237,0.700459479027336
1447724829,0.700296580760953
1447725435,0.700107456330694
1447725869,0.699923423333901
1447726217,0.699792060543667
1447726531,0.699812786695373
1447726843,0.699985077069247
1447727286,0.700239369615912
1447727705,0.700492750049869
1447728131,0.700693648918394
1447728509,0.700805279293908
1447729042,0.700824750701575
1447729433,0.700859057010532
1447729806,0.700949623721245
1447730179,0.701011962773185
1447730556,0.700971496877344
1447731005,0.70081742003745
1447731252,0.700666877201702
1447731649,0.700558991271721
1447732097,0.700432715010701
1447732490,0.700311033967195
1447732820,0.700195602669319
1447733112,0.700146308729474
1447733464,0.700205578335933
1447733921,0.700248840141494
1447734545,0.700203424950361
1447735100,0.700140963241754
1447735749,0.700152163471442
1447736173,0.700213781039192
1447736714,0.70028080907791
1447737306,0.700386870579391
1447737956,0.700491640390188
1447738512,0.700518686689083
1447739138,0.700471244647151
1447739811,0.700365809731312
1447740375,0.70021698073914
1447740936,0.70010966679976
1447741860,0.700109674604451
1447742425,0.700195415145603
1447743192,0.700304454610681
1447743845,0.700436762811315
1447744498,0.700581208940486
1447744932,0.700665840927761
1447745429,0.700695199626927
1447745663,0.700738480261818
1447745999,0.700782838328921
1447746340,0.700707153970062
1447746666,0.700511596847473
1447747026,0.700362652763854
1447747338,0.700332371896403
1447747733,0.700332045296539
1447748175,0.700295652579037
1447748552,0.700240301554726
1447748943,0.700192486446853
1447749334,0.700200739839975
1447749629,0.700205140402546
1447749939,0.700124793726724
1447750248,0.700028291105775
1447750542,0.699927748989592
1447750896,0.699749414706754
1447751190,0.699538120520436
1447751504,0.699390323248623
1447751809,0.699313179661543
1447752121,0.699256250352938
1447752524,0.699173856648416
1447752847,0.699067539838017
1447753163,0.698978280967056
1447753508,0.698894412324728
1447753952,0.698799947126084
1447754303,0.698693959609278
1447754572,0.698580032842911
1447754940,0.698476005200424
1447755351,0.698369369640404
1447755769,0.698233740374691
1447756154,0.698084908341532
1447756425,0.698018456945802
1447756773,0.697993932035947
1447757189,0.697896419686385
1447757578,0.697818101781367
1447757977,0.697808724694909
1447758376,0.697793436159634
1447758825,0.69779864250602
1447759369,0.697927740406243
1447759705,0.698130539464421
1447760230,0.698308944009531
1447760620,0.698443104471119
1447761121,0.698529263539449
1447761721,0.698586054838933
1447762322,0.698687273877744
1447762800,0.698838263678203
1447763288,0.698905054455721
1447763751,0.698818707446431
1447764223,0.698687836435098
1447764795,0.698627980633455
1447765427,0.698640693580269
1447766321,0.698732732515695
1447766957,0.698940263783887
1447767656,0.699196120033968
1447768223,0.699360463491499
1447768667,0.6993862505767
1447769175,0.69936663298689
1447769904,0.69933698557366
1447770395,0.699261600544692
1447770988,0.699156942501857
1447771606,0.699080827971848
1447772191,0.699056063575976
1447773172,0.699043850804281
1447774525,0.699007922458493
1447775880,0.698943403136997
1447778746,0.698842915777985
1447779936,0.698712339900089
1447780729,0.698616029027331
1447782985,0.698599747843837
1447784977,0.698621882349262
1447786406,0.698614777269872
1447787338,0.698584497690956
1447789031,0.698569974849912
1447790638,0.698565482548358
1447792201,0.698525934209745
1447794076,0.698477699385453
1447796148,0.698466896816157
1447797640,0.698476894574463
1447799374,0.698521998119472
1447801512,0.698645349847799
1447803172,0.698810815313232
1447804668,0.698927702964031
1447806533,0.698999283105814
1447808383,0.699123034990769
1447809126,0.699307117814722
1447809756,0.699497612106044
1447810612,0.699642404576732
1447811247,0.699746340252551
1447812170,0.699939843871685
1447812589,0.700261871395908
1447812924,0.700582435732831
1447813229,0.700799062292888
1447813525,0.700890626091835
1447813919,0.700889381711023
1447814357,0.700899709255537
1447814821,0.700956857518538
1447815287,0.700945138349657
1447815691,0.700819111145823
1447816049,0.700753821644414
1447816489,0.700886355621365
1447816794,0.701113741431412
1447817273,0.701306637201915
1447817674,0.701373644349871
1447818074,0.701230102038893
1447818455,0.700975072414587
1447818903,0.700800006403254
1447819276,0.70074668078986
1447819850,0.700755743907875
1447820456,0.700743969015607
1447821046,0.700723976695135
1447821543,0.70071724921666
1447822334,0.700695475777835
1447822847,0.700656315990318
1447823428,0.700601394699751
1447823957,0.700537475036308
1447824435,0.700480753815132
1447825270,0.700471549145635
1447825896,0.700515479656397
1447826510,0.70056776808141
1447827031,0.700571472821862
1447827703,0.700517018352091
1447828296,0.700478205593974
1447828927,0.700494321235008
1447829484,0.700518922425917
1447830082,0.700550003693266
1447830575,0.700590619697513
1447830948,0.700616088011411
1447831448,0.700633231092293
1447831920,0.700663746719208
1447832335,0.700686688726741
1447832724,0.700647595687484
1447833155,0.700527307921418
1447833558,0.700437127621026
1447833875,0.70046998468688
1447834338,0.700521659715036
1447834802,0.70053965881713
1447835361,0.70062151176731
1447835686,0.700764443217902
1447836034,0.700839518480215
1447836325,0.700764045428588
1447836652,0.700517979995735
1447836961,0.700201010136183
1447837338,0.69998543300306
1447837721,0.699912578458746
1447838130,0.69989096631937
1447838587,0.69983297733083
1447838971,0.699748335430967
1447839287,0.699690035099594
1447839753,0.699623133339639
1447840188,0.699492397168585
1447840582,0.699351503875192
1447840887,0.699238554160165
1447841260,0.699122934520007
1447841572,0.699052291985503
1447841922,0.699079572492935
1447842382,0.699080907782864
1447842670,0.698996254501154
1447842945,0.698946795067913
1447843239,0.698958474351594
1447843650,0.698966483886584
1447844160,0.698952082680732
1447844619,0.698928383750783
1447845214,0.698901013398498
1447845829,0.698859356931873
1447846341,0.698799204061785
1447846997,0.698787301231896
1447847652,0.698840748344223
1447848337,0.698881812597766
1447849054,0.698870143059491
1447849837,0.698839800608132
1447850626,0.698824677537394
1447851297,0.698841848485032
1447851643,0.698882180340261
1447851846,0.698917258784274
1447852064,0.69903322644149
1447852275,0.699272836384427
1447852493,0.699445907944699
1447852775,0.699476409288327
1447853110,0.699480636942606
1447853448,0.69952482107532
1447853759,0.699568873382473
1447854096,0.699547623755185
1447854691,0.699474218575363
1447855222,0.699413075979877
1447856152,0.699429748586765
1447856735,0.699482629918634
1447857611,0.699482495763647
1447858441,0.699458135055487
1447859401,0.699509347808563
1447861310,0.699636013311255
1447863121,0.699739728372189
1447865804,0.699789447176959
1447866658,0.699858341749404
1447867907,0.699970804480852
1447869719,0.700084250769728
1447870682,0.700158293403744
1447872054,0.700213015486966
1447872973,0.700297586960656
1447873678,0.700393760526984
1447874266,0.700452112065346
1447875357,0.700437067326447
1447875785,0.700423004962776
1447876115,0.700465938891098
1447876439,0.700506422788658
1447876926,0.700579135840229
1447877467,0.700680697169807
1447878105,0.700741895814063
1447879148,0.700719102180867
1447880112,0.70062632869413
1447881181,0.700521772353906
1447881704,0.700494477723542
1447882372,0.700575109445921
1447883089,0.700663356092521
1447883655,0.700697509312273
1447884827,0.700726868050092
1447885981,0.700784812724837
1447887507,0.700831351456722
1447888826,0.700855893581693
1447890442,0.700892048579345
1447891793,0.700891003127787
1447892983,0.700782840402935
1447893932,0.700592601557377
1447894620,0.700343525259743
1447895163,0.700079777671766
1447895913,0.699907997600023
1447896339,0.699851050760041
1447896772,0.699840109673408
1447897433,0.699776324865258
1447898019,0.699606415867401
1447898445,0.699402313952077
1447898928,0.699257280826306
1447899200,0.699157608415423
1447899587,0.699048424075432
1447900035,0.698964895831915
1447900426,0.698992178859877
1447900792,0.699144750703099
1447901180,0.699380224404467
1447901548,0.69963765112385
1447901941,0.699849191441665
1447902356,0.699990432767599
1447902786,0.700158532401195
1447903335,0.70039309974682
1447903802,0.700603669292818
1447904130,0.700705077908103
1447904498,0.700642186294105
1447905024,0.700447453534459
1447905524,0.700212543922402
1447905969,0.700030234510317
1447906743,0.699973812078486
1447907542,0.700087854721887
1447908018,0.700326592831543
1447908549,0.700597283416558
1447909019,0.700853638756042
1447909417,0.701028335625725
1447909809,0.70109788345537
1447910300,0.701135609445065
1447910784,0.701159856545146
1447911217,0.701123958576084
1447911701,0.70113491807581
1447912255,0.701315729997165
1447912653,0.701527920701212
1447913053,0.701562351842685
1447913573,0.701423071971524
1447914120,0.701281556039189
1447914644,0.701175532008745
1447914918,0.701033876203947
1447915245,0.700902554476296
1447915548,0.70087024267014
1447916040,0.700899725071006
1447916522,0.70086338543332
1447916954,0.700677788463474
1447917324,0.70038055223817
1447917642,0.700059491793512
1447917973,0.699808451172549
1447918291,0.699714596861391
1447918605,0.699805965871719
1447919041,0.700005968424363
1447919456,0.700151631589725
1447919938,0.700225648351521
1447920369,0.70043742188401
1447920663,0.700843393071759
1447920927,0.701230891666791
1447921195,0.70150141286603
1447921437,0.701741768260029
1447921673,0.701941331310066
1447921912,0.701993455427406
1447922175,0.701910121262498
1447922422,0.7017334043675
1447922651,0.701450754046099
1447922892,0.701150634426169
1447923194,0.700964238749408
1447923516,0.70094742723928
1447923802,0.701029903665857
1447924056,0.701097469317528
1447924343,0.701209246324803
1447924654,0.70143376034172
1447924971,0.701674515185739
1447925287,0.701804356697393
1447925627,0.70185140731156
1447925963,0.701945941854388
1447926380,0.702112132294668
1447926768,0.70232848297164
1447927061,0.702590867815848
1447927277,0.702789895994665
1447927521,0.702871192570639
1447927806,0.702935871975774
1447928135,0.702963269605945
1447928445,0.702867890006689
1447928712,0.702672535251063
1447928960,0.702462145490521
1447929270,0.702376683680587
1447929575,0.70242910817083
1447929906,0.702483920458805
1447930196,0.702428002351781
1447930551,0.702330837246158
1447930916,0.702278727505616
1447931447,0.702222650398527
1447932153,0.702139413671391
1447932637,0.702104772050682
1447933084,0.702137269248912
1447933670,0.702150371157405
1447934240,0.70208632698053
1447934794,0.702012241459494
1447935354,0.70199330769058
1447935936,0.702048774752573
1447936882,0.702200915084071
1447937619,0.702401918028843
1447938442,0.702574937120396
1447939043,0.702699036020993
1447940038,0.702799153534182
1447940930,0.702896009029298
1447941914,0.702995007811407
1447943373,0.703121410950927
1447944405,0.703297299483786
1447945223,0.70345333999202
1447946765,0.703513982276318
1447948555,0.703506292113362
1447950446,0.703457357066768
1447951775,0.703368117223697
1447952150,0.703284790917245
1447952447,0.703255063372955
1447954032,0.703246218926017
1447955783,0.703214719486629
1447957271,0.703166050130888
1447958734,0.703093312630967
1447959726,0.70302720951206
1447960501,0.70300738763399
1447961953,0.703028660579874
1447962988,0.703054588339001
1447964342,0.703043989668485
1447965184,0.703007792638959
1447966016,0.702992131807403
1447967088,0.70299017055406
1447968972,0.702972660346052
1447971599,0.702951305692998
1447973401,0.702920950532023
1447975080,0.702908348760454
1447976407,0.702986105640182
1447977318,0.703116718925557
1447977977,0.703219956532709
1447979138,0.703237805451561
1447980669,0.703146122854844
1447981400,0.702988784710601
1447981804,0.702815159523711
1447982374,0.702666571705788
1447983091,0.702537393324365
1447983682,0.702392151877864
1447984184,0.702230345172751
1447984681,0.702089171216598
1447985110,0.701994311787257
1447985481,0.701875522792017
1447985799,0.701676039385421
1447986037,0.701452437286918
1447986274,0.701283874584615
1447986525,0.701166039482797
1447986792,0.701102823705013
1447987069,0.70114034803142
1447987375,0.701274883461166
1447987676,0.701445695032019
1447988038,0.701612355489852
1447988425,0.701716136512052
1447988800,0.70174730912602
1447989169,0.701770730994145
1447989489,0.701756692941279
1447989824,0.701645352545283
1447990292,0.701477187175046
1447990757,0.701380911178298
1447991341,0.701386746171587
1447991924,0.701395950688254
1447992361,0.701405335711517
1447992854,0.701442210995029
1447993332,0.701482196104207
1447993887,0.701570714532618
1447994628,0.701735684147567
1447995193,0.701906948386256
1447995702,0.702045959226708
1447996168,0.702233248314905
1447996909,0.70245539387309
1447997624,0.70260272084867
1447998343,0.702625314505621
1447999112,0.702625345642181
1447999567,0.70277462191798
1448000059,0.703034907823031
1448000623,0.703292990684522
1448001149,0.703577769756393
1448001597,0.703849423568497
1448002124,0.704022915778689
1448002585,0.704114043640717
1448003085,0.704156954212304
1448003503,0.704157829285245
1448003903,0.704132092402415
1448004340,0.704153821603314
1448004827,0.704280301011566
1448005200,0.704422941247322
1448005577,0.704469914740765
1448005948,0.704501799875543
1448006364,0.704596956646992
1448006788,0.704685392724679
1448007218,0.704732888909278
1448007612,0.704794386215907
1448008032,0.704851529115291
1448008371,0.704797403310144
1448008714,0.704608610073437
1448009073,0.704383918358923
1448009358,0.704172572905369
1448009716,0.704024688661001
1448010074,0.703982738273406
1448010402,0.703939984356108
1448010800,0.703813054407638
1448011169,0.703678565370188
1448011489,0.703673467515214
1448011765,0.703775492776974
1448012040,0.703848855086884
1448012376,0.703896225425212
1448012759,0.703934937699347
1448013332,0.703912914416187
1448013633,0.703799877974894
1448013956,0.703617852322936
1448014296,0.703438314568824
1448014660,0.70328567108359
1448015081,0.7031827909723
1448015411,0.703202613411851
1448015844,0.703316324650845
1448016385,0.703472959083343
1448016933,0.703648258117812
1448017844,0.703747782527338
1448018748,0.703714624677625
1448019313,0.703634281464718
1448019924,0.70360656883739
1448020622,0.703624127369829
1448021226,0.703626849585615
1448021993,0.703586318720119
1448022504,0.703539443461348
1448023091,0.703561671872104
1448024048,0.703652039360335
1448024979,0.703739657500626
1448025698,0.703761193343445
1448026832,0.703739283285312
1448028014,0.703737689624019
1448029124,0.703718024153995
1448030369,0.703658712227064
1448031655,0.703589174475503
1448033438,0.703524112935101
1448034656,0.703479663952594
1448208336,0.703441167916724
1448210780,0.703420482930249
1448211630,0.703423322358234
1448212148,0.703407285596609
1448213067,0.703387787388624
1448214339,0.703430300663148
1448216171,0.703525964120509
1448217518,0.703607601251035
1448218801,0.703651459605874
1448219919,0.703632617103381
1448221209,0.703502956933844
1448221722,0.703287365827219
1448222067,0.703101417335235
1448222591,0.702974285216399
1448222898,0.702881519551439
1448223392,0.702848291602978
1448224036,0.702839556279138
1448224703,0.702799461131643
1448225279,0.702794514555927
1448226191,0.702851123874052
1448227140,0.702882847925114
1448228171,0.702847782623464
1448229713,0.70280023635813
1448231660,0.702797013127575
1448233374,0.702799593700012
1448234612,0.702762316200358
1448236139,0.702679201572436
1448237392,0.702582199768634
1448238429,0.702568324476652
1448239431,0.702668540643155
1448240515,0.702829836058365
1448241012,0.703059630964004
1448241305,0.703385351245596
1448241752,0.703761600497626
1448242162,0.704103073269774
1448242816,0.704305070570952
1448243398,0.704358522587332
1448243971,0.704355676152348
1448244318,0.704314941139887
1448244638,0.704210789900985
1448245063,0.704141559997347
1448245511,0.704239671066162
1448245985,0.704404852760993
1448246347,0.704465862916919
1448246767,0.704492603580222
1448247264,0.704555956327908
1448247815,0.704594290801862
1448248223,0.704530256500287
1448248851,0.704361541016349
1448249246,0.704243668599626
1448249579,0.704296331098573
1448250097,0.704416570414993
1448250623,0.704483296807019
1448251223,0.704499255261815
1448251858,0.704506638351916
1448252386,0.704521267055283
1448253014,0.704529082459611
1448253685,0.704523541568317
1448254255,0.704531769228969
1448254914,0.704604609985257
1448255533,0.704734201564817
1448256262,0.704858322007688
1448257065,0.704854441663953
1448257623,0.704713325095952
1448257968,0.70464840414306
1448258319,0.704708600872191
1448258716,0.70473732303591
1448259201,0.704716255433455
1448259556,0.704728598521396
1448259992,0.704781548966999
1448260508,0.704854418760504
1448260929,0.704898521023913
1448261300,0.704931427374439
1448261864,0.705082642620297
1448262226,0.705350772221692
1448262613,0.705490192342985
1448262937,0.705380517283964
1448263408,0.705164696041017
1448264009,0.704984404563493
1448264361,0.704912369904102
1448264844,0.704963033954007
1448265220,0.705081273026682
1448265615,0.705173649036921
1448265927,0.705217146657928
1448266378,0.705241416490996
1448266832,0.705215909256382
1448267284,0.705149316677696
1448267622,0.705134839738406
1448267951,0.705167560435746
1448268319,0.705168863608696
1448268647,0.705114304819464
1448268980,0.705000378902672
1448269249,0.704828559169243
1448269519,0.704628967765044
1448269828,0.704423199183704
1448270130,0.704274394650729
1448270424,0.704249834431203
1448270736,0.704270742436764
1448271089,0.704261491554435
1448271379,0.704329203487745
1448271680,0.704488222147368
1448272033,0.70457498969054
1448272348,0.704613822523557
1448272691,0.70470027010628
1448272937,0.704760584747717
1448273314,0.704663998964049
1448273694,0.704363627333781
1448273937,0.704006563677074
1448274260,0.7037588254654
1448274555,0.703635354956093
1448274849,0.703575274638612
1448275109,0.703488963736822
1448275404,0.703439529245851
1448275836,0.703532669083846
1448276331,0.703710709979215
1448276773,0.703917887264869
1448277218,0.704098542583549
1448277747,0.704230454316469
1448278363,0.704334436975336
1448279008,0.704391666657265
1448279749,0.704414304538572
1448280418,0.704424655442208
1448281332,0.704404257254362
1448282017,0.704336280788893
1448283148,0.704269793526647
1448283717,0.704269344786351
1448284242,0.704359288931142
1448284946,0.704478489047389
1448286006,0.70456633728648
1448287138,0.704631274751005
1448288137,0.704688115026716
1448289336,0.704742513122061
1448290507,0.704808396510965
1448291550,0.704889453904423
1448293589,0.704953963807837
1448295916,0.70497346383449
1448298001,0.704986213054083
1448299609,0.705082875843885
1448301774,0.70528863513387
1448302529,0.705461738995168
1448303505,0.705499467775931
1448304687,0.705478830233495
1448305669,0.705488106346322
1448307244,0.705533432445952
1448308129,0.705563741419078
1448309079,0.705554578550018
1448310922,0.705510736710038
1448312919,0.705439382575454
1448315468,0.7053668311349
1448317730,0.705303040118349
1448319181,0.705230418343103
1448320501,0.705173733041195
1448321922,0.705156931857973
1448323206,0.705160282263178
1448324548,0.705164710395038
1448325875,0.705126563360954
1448326889,0.705054222039132
1448327316,0.705014852991213
1448327929,0.704998562431194
1448328516,0.704994938201369
1448329511,0.705058094917581
1448330295,0.705205276370329
1448330723,0.705374175358519
1448331053,0.705489764404606
1448331446,0.705592634537852
1448331827,0.705711601779232
1448332333,0.705778446138712
1448332711,0.705833861657489
1448333132,0.705983482436236
1448333514,0.706224580050654
1448333802,0.706438425534176
1448334130,0.706563762865081
1448334364,0.706567917461349
1448334624,0.706438688316659
1448334987,0.706306572217202
1448335386,0.706322273309917
1448335819,0.706465859843982
1448336261,0.706580916917266
1448336919,0.706566896347069
1448337430,0.70657397587728
1448337919,0.706771233203791
1448338356,0.707061473372829
1448338693,0.70727185875127
1448339133,0.707326579223515
1448339594,0.707357517360142
1448340053,0.707446468667162
1448340480,0.707474250019382
1448341075,0.707452535590285
1448341500,0.70745810220231
1448342044,0.707422808070739
1448342844,0.707319179233789
1448343502,0.707241950573085
1448344077,0.707189147693975
1448344645,0.70715179388845
1448345329,0.707217130737436
1448346039,0.707366487216153
1448346531,0.707460267326193
1448347039,0.707531557886714
1448347448,0.707707009738403
1448347848,0.707975441824534
1448348245,0.708196027063749
1448348659,0.708369535057528
1448349024,0.708573928753022
1448349306,0.708782185533273
1448349596,0.708942086456363
1448349854,0.708907675911975
1448350183,0.708712865846812
1448350422,0.708553767893276
1448350690,0.708487241174147
1448351039,0.708479152718565
1448351471,0.708495387291481
1448351801,0.708555349813173
1448352090,0.708648256324775
1448352392,0.708733055174704
1448352676,0.708731197020243
1448352946,0.70852821127293
1448353233,0.708179429867894
1448353543,0.707857679687066
1448353854,0.707626264130347
1448354168,0.707460938401606
1448354420,0.707334006075233
1448354691,0.707254777086352
1448355040,0.707240245010096
1448355369,0.707277074270251
1448355695,0.707348065172059
1448355933,0.707452984549925
1448356187,0.70757127525765
1448356458,0.707596772806955
1448356777,0.707453616835064
1448357042,0.707272057458926
1448357375,0.7072385531716
1448357773,0.707316307597945
1448358110,0.707353696896685
1448358470,0.707385193592059
1448358825,0.707460337624405
1448359169,0.707491640396066
1448359470,0.707491118811489
1448359865,0.70753777296038
1448360208,0.707617012030096
1448360546,0.707709552997302
1448360871,0.707829320809121
1448361303,0.708013383308845
1448361672,0.708221045462703
1448362219,0.708369604439767
1448362649,0.708457200212242
1448363101,0.708518470616881
1448363561,0.708551851885174
1448364032,0.708491819018856
1448364763,0.708341503573684
1448365525,0.708175198904027
1448366236,0.708028952869748
1448366991,0.7079111971349
1448367620,0.707786065144964
1448368493,0.707548291742536
1448368854,0.707272719042209
1448369322,0.707167669848561
1448370025,0.707232042949629
1448370622,0.70737281778802
1448371169,0.707520634489544
1448371805,0.70758614281857
1448372435,0.707559466305329
1448373436,0.707526019227336
1448374465,0.707491174278201
1448375641,0.707468053257049
1448376936,0.707464533731463
1448378707,0.707404499988643
1448379652,0.707331488934517
1448381513,0.707327204284336
1448383295,0.707323782234191
1448384010,0.707265777486839
1448384520,0.707180208543936
1448386203,0.707095419986835
1448388794,0.707050667078357
1448389509,0.707052534828552
1448390555,0.707046424710842
1448391331,0.707003902471858
1448392125,0.706986296555696
1448393080,0.707049429031497
1448394248,0.707178096229813
1448395231,0.707316080131978
1448395544,0.707367842529659
1448396213,0.707314806867274
1448397129,0.70721172823025
1448398254,0.70710551452791
1448399170,0.707081838570065
1448399892,0.707163604706124
1448401212,0.707288468659661
1448402595,0.707375202629583
1448404007,0.707367682809998
1448404692,0.707282872608268
1448405566,0.707145614063208
1448407234,0.706967477768317
1448408275,0.706801107100673
1448409546,0.706726972323926
1448410463,0.706726379028191
1448411715,0.706750009199857
1448412929,0.706843695198434
1448413651,0.706993748618638
1448414232,0.707159111666041
1448414662,0.707388341188276
1448414996,0.707681245819038
1448415379,0.707902385411192
1448415866,0.707970077982849
1448416297,0.707953319989698
1448416804,0.707898108376253
1448417112,0.707846406033342
1448417529,0.707850028968595
1448417879,0.707814835136888
1448418448,0.707666650329578
1448418902,0.707466159793813
1448419300,0.707294318825959
1448419716,0.707260031878497
1448420172,0.70730905773569
1448420535,0.707246940983599
1448420834,0.707052699818794
1448421096,0.7067560015846
1448421398,0.706288586804257
1448421662,0.705731569169555
1448421957,0.705271490642493
1448422235,0.704914544853565
1448422508,0.704634947783885
1448422733,0.704520452911915
1448422978,0.704644371330771
1448423254,0.704830104037
1448423577,0.704847090640108
1448423847,0.704746282278775
1448424149,0.704626936212963
1448424537,0.704508808704651
1448424878,0.704415122358788
1448425193,0.704404629697951
1448425529,0.70445458156832
1448425862,0.704526992644175
1448426192,0.70465487143717
1448426570,0.704632350391344
1448426945,0.704313506323017
1448427227,0.703974943156237
1448427520,0.703813812612969
1448427777,0.703697429792021
1448428046,0.703610340846001
1448428368,0.703633112789095
1448428709,0.703676058898058
1448429046,0.703644491782822
1448429419,0.703596770997694
1448429823,0.703611625189953
1448430170,0.703625138339804
1448430644,0.703580393382243
1448431102,0.703545506609647
1448431451,0.703597693798481
1448431866,0.703683572899475
1448432220,0.703684775952247
1448432593,0.703539469574414
1448433116,0.703261068714158
1448433514,0.702965033809126
1448433920,0.702751510146879
1448434379,0.702646689398683
1448434891,0.702621286884727
1448435289,0.702574887304055
1448435644,0.702440558951244
1448435956,0.702325072251957
1448436343,0.702282113743092
1448436684,0.702180854117552
1448436924,0.701972897048483
1448437216,0.701750370715788
1448437521,0.701595987150558
1448437849,0.701490137785183
1448438195,0.701405481791459
1448438459,0.701345479366561
1448438744,0.701314175525103
1448439073,0.701315834045218
1448439381,0.701324274874212
1448439803,0.701280817206873
1448440247,0.701167225127648
1448440510,0.701080834579382
1448440809,0.701168326129978
1448441076,0.701399389819194
1448441401,0.701560361068253
1448441727,0.701553614939918
1448442023,0.70153558196388
1448442240,0.7016468580681
1448442505,0.701842590296431
1448442758,0.701988628531077
1448443073,0.702029405648798
1448443398,0.702024578709191
1448443742,0.702055949675402
1448444074,0.702183528275056
1448444439,0.702424692452536
1448444771,0.702703571760633
1448445197,0.703007538845707
1448445473,0.703355601643462
1448445688,0.703594689560757
1448445927,0.703625843561076
1448446262,0.703529679801138
1448446585,0.703401715270257
1448447045,0.703284932771656
1448447370,0.70321582503515
1448447778,0.703228039075898
1448448371,0.703338134325702
1448448806,0.703486971203322
1448449310,0.7036974508248
1448449671,0.703940159350404
1448449927,0.704056545916761
1448450326,0.704044657184601
1448450792,0.703982057415828
1448451372,0.703934096719531
1448451994,0.703945118047309
1448452788,0.703987207584407
1448453393,0.704005531554598
1448454400,0.70397680777036
1448455081,0.70390197709648
1448455802,0.7038269076333
1448456802,0.703759466535556
1448457742,0.703689067134982
1448458680,0.703677705652709
1448459802,0.703796796941541
1448460654,0.703997329610773
1448461594,0.704174847637665
1448463202,0.704294739527225
1448464360,0.70436829290565
1448466468,0.704404797162123
1448467000,0.704400448214804
1448468595,0.704330382047364
1448469572,0.704230029681593
1448469968,0.704165743074485
1448470780,0.704130689323972
1448473766,0.704121418844412
1448475528,0.70416203745592
1448476426,0.704201249597545
1448476926,0.704192133440443
1448477648,0.704113257290644
1448478381,0.703964647822959
1448479204,0.703810715191067
1448480361,0.703698885968569
1448481451,0.703603890673926
1448483012,0.703501816818815
1448485041,0.703415256019174
1448486730,0.703387780159994
1448487565,0.703407442539106
1448489276,0.703424177930964
1448492252,0.703400383162171
1448494145,0.703372370281794
1448495416,0.703400552127589
1448496724,0.703469652262515
1448498106,0.703522179994817
1448499457,0.703533718604854
1448500430,0.703466038171371
1448501166,0.703294577986511
1448501943,0.703100968209725
1448502452,0.703022995302879
1448502980,0.703142247873212
1448503440,0.703318725213795
1448503999,0.703377841459105
1448504549,0.703322551628463
1448505051,0.703199454302111
1448505536,0.703138759467705
1448505982,0.703308573899657
1448506416,0.703651314548281
1448506861,0.70395410615585
1448507312,0.704157304346192
1448507740,0.70433795766654
1448508247,0.70449729003716
1448508786,0.704543868726458
1448509316,0.704456793242859
1448509899,0.70434090370362
1448510476,0.704300764431409
1448511044,0.704320194946452
1448511564,0.704321048915882
1448512083,0.704321657168302
1448512596,0.704362236712476
1448513175,0.704414495209518
1448513870,0.704450349607419
1448514568,0.704433994351382
1448515268,0.704365676758321
1448515878,0.70435840364911
1448516656,0.704466868626976
1448517174,0.704561121458895
1448517927,0.704548988678362
1448518535,0.704431564245187
1448519616,0.704176163937113
1448520322,0.703906405653895
1448521227,0.703810401108829
1448522098,0.703856586729586
1448522816,0.703887102015618
1448523920,0.703838608658033
1448524738,0.703757957516661
1448525550,0.703652101996181
1448526625,0.703535221332269
1448527613,0.703451227870366
1448528230,0.703378114607595
1448529143,0.703299678748821
1448529956,0.703221990976134
1448530653,0.703119291871833
1448531740,0.703002563917912
1448532210,0.702903084386256
1448532900,0.702805295440295
1448533829,0.702708305804999
1448534709,0.70270299728161
1448536005,0.702825391774572
1448537529,0.702992455386286
1448539242,0.703094343734629
1448540220,0.703119537304063
1448540597,0.703171763064232
1448541491,0.703281779420939
1448542366,0.70339769330106
1448543896,0.703482670997148
1448546597,0.703538891427178
1448549850,0.7036015482437
1448551998,0.703667490153285
1448552883,0.703717142963403
1448553415,0.703779813631651
1448557221,0.703879281632697
1448558745,0.703988837954196
1448559446,0.704084814513757
1448561602,0.704160765827935
1448563265,0.704202514995634
1448564336,0.704205799534681
1448565801,0.704209844769961
1448567368,0.704239325601262
1448568369,0.704256560381559
1448569480,0.704240817957774
1448571095,0.704232513969736
1448573761,0.704250763042278
1448575423,0.704278765876375
1448577774,0.704330056721531
1448580057,0.704430143238892
1448581374,0.704562815381888
1448582652,0.704721495742743
1448583386,0.704898037534724
1448584158,0.705056232399933
1448585124,0.70520817150867
1448585477,0.705317704960704
1448586003,0.705285561136578
1448586536,0.705192886179073
1448587111,0.705174115120896
1448587885,0.7051657722425
1448588477,0.704961485019937
1448589247,0.704516611561493
1448589753,0.704093205663729
1448590211,0.703870939357361
1448590669,0.703676199813063
1448591081,0.703389558170483
1448591537,0.703142495986469
1448591919,0.703079675028097
1448592474,0.703174491875603
1448592901,0.703284212988658
1448593362,0.703346933117928
1448593747,0.703388963890426
1448594332,0.703404820315955
1448594741,0.703377021961188
1448595137,0.703303976909548
1448595629,0.703208726114446
1448596080,0.70308759106011
1448596338,0.70296661269423
1448596628,0.702927646028669
1448596899,0.702943635184547
1448597198,0.702915778812259
1448597546,0.70277866182079
1448597919,0.702606029900018
1448598283,0.702532090368511
1448598714,0.702569031592692
1448599228,0.702630154952252
1448599715,0.702730188134555
1448600305,0.702899058099191
1448600757,0.703070895343773
1448601396,0.703187415428508
1448602043,0.703188047299689
1448602722,0.703049228402278
1448603300,0.702805294551413
1448603880,0.702586469057258
1448604453,0.702530590323794
1448605012,0.702578103024051
1448605701,0.702537650421966
1448606130,0.702404878156401
1448606752,0.702336783054315
1448607351,0.70235685743325
1448608072,0.702408903331785
1448608524,0.702497736119042
1448608961,0.702592837066214
1448609580,0.702597366841185
1448610344,0.702449644481247
1448611009,0.702259127009628
1448611433,0.70217379937489
1448611893,0.702159250491878
1448612484,0.702171971611542
1448613036,0.702218775752871
1448613454,0.702240054082166
1448613810,0.702228213772265
1448614197,0.702166670238807
1448614568,0.702055988715389
1448614903,0.702010990031422
1448615352,0.702097084658393
1448616011,0.702263351987196
1448616600,0.702471738160244
1448617056,0.702715674382746
1448617517,0.702934971201772
1448618110,0.70302776731849
1448618392,0.703002326562744
1448618775,0.702993275036221
1448619299,0.703035006388874
1448619999,0.70307420844169
1448620639,0.703144554453304
1448621501,0.703292086099892
1448622301,0.703465250926775
1448623159,0.703599401241585
1448624238,0.703636650004777
1448625387,0.703599229825628
1448625918,0.703570288735762
1448626868,0.703494520956052
1448628610,0.703332384484526
1448630429,0.703193904541417
1448632347,0.703151195110461
1448634059,0.703167195063904
1448634934,0.703192839703796
1448636450,0.703256160224807
1448638725,0.703412777806082
1448813244,0.703626861121122
1448816518,0.703788823793439
1448817832,0.703803995693909
1448819720,0.703753592205109
1448820804,0.703752846117026
1448821640,0.703777327056963
1448823160,0.703755300752742
1448824256,0.703687598579925
1448825214,0.703636747690351
1448825978,0.703677760282152
1448827336,0.703762026342887
1448828796,0.703780214307228
1448830342,0.703786809991488
1448832254,0.703839710246095
1448834638,0.703891536842973
1448837564,0.703909295595838
1448839459,0.70387492798895
1448841773,0.703754466567921
1448842889,0.703580634195042
1448844464,0.703434757616958
1448845382,0.703360076281194
1448846183,0.703328445724878
1448847408,0.703294854826453
1448848024,0.70329186125929
1448848811,0.703375516357999
1448849330,0.703471639472514
1448849892,0.703527566496138
1448850453,0.703559682405249
1448850978,0.703474147494285
1448851661,0.703287268802858
1448852089,0.703186037130324
1448852467,0.703219343979736
1448852928,0.703248423753042
1448853257,0.703212250514539
1448853604,0.703226045719969
1448853947,0.703357796731701
1448854383,0.703520753345276
1448854855,0.703629035207493
1448855308,0.703708433626874
1448855687,0.703785265317676
1448856138,0.703855344407705
1448856658,0.703909856233947
1448857296,0.703894988622773
1448857966,0.703822466777352
1448858528,0.703779798220711
1448859136,0.703794364793788
1448859610,0.703830277760509
1448860076,0.703842027502613
1448860685,0.703820182605732
1448861308,0.703779316180843
1448861825,0.703784045920854
1448862396,0.703898336876348
1448862877,0.704052984736281
1448863382,0.704152245165932
1448864047,0.704183603231704
1448864837,0.704173068408191
1448865558,0.704173358342021
1448865913,0.704203103517361
1448866397,0.70422477379991
1448866792,0.704199088639944
1448867227,0.70417288816541
1448867682,0.704181729634476
1448868060,0.70413668085377
1448868547,0.704014307995556
1448869031,0.703902988466403
1448869593,0.703826702247363
1448870116,0.703767133072121
1448870468,0.703739695682531
1448870877,0.703773864393478
1448871292,0.703848440504104
1448871762,0.703874716076642
1448872262,0.703800912976346
1448872634,0.703631892908853
1448873023,0.703366070831193
1448873274,0.70309075326765
1448873630,0.702932462064011
1448874006,0.702881600207084
1448874317,0.702887671585289
1448874695,0.702902089733116
1448875052,0.702826318003909
1448875371,0.702679155185998
1448875739,0.702594056282932
1448876154,0.702547321762871
1448876619,0.702425631224071
1448877030,0.702195838011611
1448877332,0.701886241013424
1448877572,0.701593235094032
1448877795,0.701469996685517
1448878056,0.701438619347067
1448878368,0.701332265477214
1448878715,0.701201538065814
1448879112,0.701134944742934
1448879506,0.701094627594677
1448879874,0.701084403467898
1448880302,0.701152228837319
1448880897,0.701219706570546
1448881465,0.701200607624106
1448882072,0.701146946893687
1448882683,0.701169489989438
1448883588,0.701222906827287
1448884378,0.701191796403097
1448884953,0.701101407200818
1448885830,0.701015702393525
1448886679,0.700959565175124
1448887870,0.700966163483761
1448888631,0.700999501769057
1448889473,0.700955965567158
1448890208,0.700847475583747
1448891240,0.700790736270378
1448891996,0.70083692635521
1448892773,0.700879527278891
1448893794,0.700816759230581
1448895001,0.700676467202756
1448895612,0.700513939464842
1448897007,0.700390209785643
1448899008,0.700336115926646
1448901031,0.700328258764655
1448903022,0.700335907335981
1448905952,0.700344369041005
1448907456,0.700338188934247
1448908748,0.700290726478425
1448909758,0.700233836535628
1448910630,0.700234974757858
1448911230,0.70027532859715
1448911730,0.700292830584592
1448912880,0.700309067197012
1448913595,0.700382962143329
1448914152,0.700529178328237
1448914491,0.700698089014733
1448914874,0.700783726367954
1448915288,0.700792352256124
1448915782,0.700798721186207
1448916237,0.700764042315722
1448916713,0.700683795486844
1448917315,0.700647020415623
1448917896,0.700693835076813
